Student_ID,Name,Age,Gender,Attendance,Marks
1,Ravi,20,M,85.0,78.0
2,Priya,19,F,92.0,88.0
3,Kiran,21,M,75.0,65.0
4,Anu,20,F,95.0,91.0
5,Rahul,22,M,85.27272727272727,72.0
6,Sneha,19,F,88.0,85.0
7,Vijay,21,M,70.0,60.0
8,Divya,20,F,96.0,94.0
9,Arjun,22,M,82.0,76.0
10,Pooja,19,F,90.0,77.9090909090909
11,Ravi,20,M,85.0,78.0
12,Karthik,35,M,80.0,70.0
